Nome,Email,Telefone
Tempie Klocko,donya@quitzon.example,5951440646
Rafaela Jakubowski,freddie@okon.example,346.781.4389
Mechelle Hackett,shanon.orn@leannon.example,172-566-0292
Tia Grant,shawna@herman.test,(805) 468 4299
Lawanda Russel,iliana@pacocha.test,3409503330
Deana O'Reilly,clinton.kiehn@halvorson.example,734 086 8987
Neville Gislason,scottie_spinka@hackett.test,620 917 9090
Margit Kuvalis,tanner@abbott.example,512-053-4056
Nathanael Wintheiser,sammie@beier-jerde.test,914-136-7958
Daisy Stroman,buford.sauer@corkery.example,(562) 253-6584
Msgr. Tari MacGyver,carolee@harvey.example,714-113-1591
Sandy Maggio,elza@nitzsche.test,(323) 138-5296
Dean Altenwerth V,granville@terry-ebert.example,3191312508
Alvin Pouros,dolly_reilly@vandervort.test,676 612 3703
Joshua Feeney II,cary@metz.test,340 026 7950
Prof. Ken Corwin,brande@schimmel.test,808 099 1840
Miss Jacques Stoltenberg,kristine@becker.example,258-876-4997
Miss Sharika Stokes,carmela@reilly.example,5714342182
Rudy Treutel,eldon@crooks-hyatt.test,(189) 592-0442
Sheena Keebler,kandice@koepp-lynch.example,644-084-8815
